nazev;cena;skladem;popis;image;kategorie
Rolex Submariner;250000;3;Luxusní potápěčské hodinky;obrazky/3.jpeg;Limited
Omega Speedmaster;180000;5;Legendární chronograf;obrazky/2.jpeg;Komise
Tissot PRX;22000;12;Moderní sportovní model;obrazky/5.jpeg;Microbrands
Rolex Duster;50000;3;Luxusní potápěčské hodinky;obrazky/3.jpeg;Limited
Omega Legs;10000;5;Legendární chronograf;obrazky/1.jpg;Komise
Tissot PRX;12000;12;Moderní sportovní model;obrazky/4.jpg;Microbrands
Rolex Submariner;25000;3;Luxusní potápěčské hodinky;obrazky/7.jpeg;Limited
Omega Speedmaster;18000;5;Legendární chronograf;obrazky/6.jpeg;Komise
Lops;30000;12;Moderní sportovní model;obrazky/5.jpeg;Microbrands
